{
  "extractedAt": "2026-01-20T23:00:00Z",
  "sources": ["agent-a3810f6", "agent-af77839", "agent-ad5467f", "agent-a5c6a27", "agent-a114b32", "agent-a357dfd"],
  "newJurisdictions": [
    {"tenant": "sandyspringsga", "name": "Sandy Springs", "state": "GA"},
    {"tenant": "dekalbcountyga", "name": "DeKalb County", "state": "GA"},
    {"tenant": "glynncountyga", "name": "Glynn County", "state": "GA"},
    {"tenant": "chambleega", "name": "Chamblee", "state": "GA"},
    {"tenant": "smyrnaga", "name": "Smyrna", "state": "GA"},
    {"tenant": "chathamcountync", "name": "Chatham County", "state": "NC"},
    {"tenant": "davidsoncountync", "name": "Davidson County", "state": "NC"},
    {"tenant": "countyofwilsonnc", "name": "Wilson County", "state": "NC"},
    {"tenant": "kingsmountainnc", "name": "Kings Mountain", "state": "NC"},
    {"tenant": "southportnc", "name": "Southport", "state": "NC"},
    {"tenant": "townofwarrenton", "name": "Town of Warrenton", "state": "NC"},
    {"tenant": "tallmadgeoh", "name": "Tallmadge", "state": "OH"},
    {"tenant": "fairfieldoh", "name": "Fairfield", "state": "OH"},
    {"tenant": "unioncountyoh", "name": "Union County", "state": "OH"},
    {"tenant": "gahannaoh", "name": "Gahanna", "state": "OH"},
    {"tenant": "hudsonoh", "name": "Hudson", "state": "OH"},
    {"tenant": "northcantonoh", "name": "North Canton", "state": "OH"},
    {"tenant": "portagecountyoh", "name": "Portage County", "state": "OH"},
    {"tenant": "woosteroh", "name": "Wooster", "state": "OH"},
    {"tenant": "plaincityoh", "name": "Plain City", "state": "OH"},
    {"tenant": "garyin", "name": "Gary", "state": "IN"},
    {"tenant": "fishersin", "name": "Fishers", "state": "IN"},
    {"tenant": "monroecountyin", "name": "Monroe County", "state": "IN"},
    {"tenant": "plainfieldil", "name": "Plainfield", "state": "IL"},
    {"tenant": "decaturil", "name": "Decatur", "state": "IL"},
    {"tenant": "champaignil", "name": "Champaign", "state": "IL"},
    {"tenant": "bolingbrookil", "name": "Bolingbrook", "state": "IL"},
    {"tenant": "schaumburgil", "name": "Schaumburg", "state": "IL"},
    {"tenant": "lemontil", "name": "Lemont", "state": "IL"},
    {"tenant": "northstpaulmn", "name": "North St. Paul", "state": "MN"},
    {"tenant": "oakdalemn", "name": "Oakdale", "state": "MN"},
    {"tenant": "burnsvillemn", "name": "Burnsville", "state": "MN"},
    {"tenant": "winonacountymn", "name": "Winona County", "state": "MN"},
    {"tenant": "medinamn", "name": "Medina", "state": "MN"},
    {"tenant": "oconomowocwi", "name": "Oconomowoc", "state": "WI"},
    {"tenant": "countyofsaukwi", "name": "Sauk County", "state": "WI"},
    {"tenant": "waukeeia", "name": "Waukee", "state": "IA"},
    {"tenant": "polkcountyia", "name": "Polk County", "state": "IA"},
    {"tenant": "metronashvilletn", "name": "Metro Nashville", "state": "TN"},
    {"tenant": "vestaviahillsal", "name": "Vestavia Hills", "state": "AL"},
    {"tenant": "orangebeachal", "name": "Orange Beach", "state": "AL"},
    {"tenant": "jacksonms", "name": "Jackson", "state": "MS"},
    {"tenant": "andersonsc", "name": "City of Anderson", "state": "SC"},
    {"tenant": "goosecreeksc", "name": "Goose Creek", "state": "SC"},
    {"tenant": "stoningtonct", "name": "Stonington", "state": "CT"},
    {"tenant": "newfairfieldct", "name": "New Fairfield", "state": "CT"},
    {"tenant": "newmilfordct", "name": "New Milford", "state": "CT"},
    {"tenant": "norwichct", "name": "Norwich", "state": "CT"},
    {"tenant": "stamfordct", "name": "Stamford", "state": "CT"},
    {"tenant": "woodburyct", "name": "Woodbury", "state": "CT"},
    {"tenant": "farmingtonct", "name": "Farmington", "state": "CT"},
    {"tenant": "easthartfordct", "name": "East Hartford", "state": "CT"},
    {"tenant": "cheshirect", "name": "Cheshire", "state": "CT"},
    {"tenant": "ridgefieldct", "name": "Ridgefield", "state": "CT"},
    {"tenant": "torringtonct", "name": "Torrington", "state": "CT"},
    {"tenant": "danburyct", "name": "Danbury", "state": "CT"},
    {"tenant": "glastonburyct", "name": "Glastonbury", "state": "CT"},
    {"tenant": "newingtonct", "name": "Newington", "state": "CT"},
    {"tenant": "branfordct", "name": "Branford", "state": "CT"},
    {"tenant": "madisonct", "name": "Madison", "state": "CT"},
    {"tenant": "winchesterct", "name": "Winchester", "state": "CT"},
    {"tenant": "darienct", "name": "Darien", "state": "CT"},
    {"tenant": "wiltonct", "name": "Wilton", "state": "CT"},
    {"tenant": "bristolct", "name": "Bristol", "state": "CT"},
    {"tenant": "willingtonct", "name": "Willington", "state": "CT"},
    {"tenant": "rockyhillct", "name": "Rocky Hill", "state": "CT"},
    {"tenant": "hamdenct", "name": "Hamden", "state": "CT"},
    {"tenant": "westspringfieldma", "name": "West Springfield", "state": "MA"},
    {"tenant": "southhadleyma", "name": "South Hadley", "state": "MA"},
    {"tenant": "provincetownma", "name": "Provincetown", "state": "MA"},
    {"tenant": "salemma", "name": "Salem", "state": "MA"},
    {"tenant": "worcesterma", "name": "Worcester", "state": "MA"},
    {"tenant": "chathamma", "name": "Chatham", "state": "MA"},
    {"tenant": "northattleboroughma", "name": "North Attleborough", "state": "MA"},
    {"tenant": "medfieldma", "name": "Medfield", "state": "MA"},
    {"tenant": "newburyportma", "name": "Newburyport", "state": "MA"},
    {"tenant": "tisburyma", "name": "Tisbury", "state": "MA"},
    {"tenant": "warehamma", "name": "Wareham", "state": "MA"},
    {"tenant": "northamptonma", "name": "Northampton", "state": "MA"},
    {"tenant": "shrewsburyma", "name": "Shrewsbury", "state": "MA"},
    {"tenant": "gardnerma", "name": "Gardner", "state": "MA"},
    {"tenant": "stonehamma", "name": "Stoneham", "state": "MA"},
    {"tenant": "hudsonma", "name": "Hudson", "state": "MA"},
    {"tenant": "northboroughma", "name": "Northborough", "state": "MA"},
    {"tenant": "grotonma", "name": "Groton", "state": "MA"},
    {"tenant": "hanoverma", "name": "Hanover", "state": "MA"},
    {"tenant": "newbedfordma", "name": "New Bedford", "state": "MA"},
    {"tenant": "edgartownma", "name": "Edgartown", "state": "MA"},
    {"tenant": "dennisma", "name": "Dennis", "state": "MA"},
    {"tenant": "dudleyma", "name": "Dudley", "state": "MA"},
    {"tenant": "natickma", "name": "Natick", "state": "MA"},
    {"tenant": "cantonma", "name": "Canton", "state": "MA"},
    {"tenant": "northkingstownri", "name": "North Kingstown", "state": "RI"},
    {"tenant": "newshorehamri", "name": "New Shoreham", "state": "RI"},
    {"tenant": "cumberlandri", "name": "Cumberland", "state": "RI"},
    {"tenant": "eastgreenwichri", "name": "East Greenwich", "state": "RI"},
    {"tenant": "northprovidenceri", "name": "North Providence", "state": "RI"},
    {"tenant": "southkingstownri", "name": "South Kingstown", "state": "RI"},
    {"tenant": "westerlyri", "name": "Westerly", "state": "RI"},
    {"tenant": "coventryri", "name": "Coventry", "state": "RI"},
    {"tenant": "cranstonri", "name": "Cranston", "state": "RI"},
    {"tenant": "richmondri", "name": "Richmond", "state": "RI"},
    {"tenant": "newportri", "name": "Newport", "state": "RI"},
    {"tenant": "bristolri", "name": "Bristol", "state": "RI"},
    {"tenant": "glocesterri", "name": "Glocester", "state": "RI"},
    {"tenant": "hempsteadny", "name": "Town of Hempstead", "state": "NY"},
    {"tenant": "valleystreamny", "name": "Valley Stream", "state": "NY"},
    {"tenant": "mountvernonny", "name": "Mount Vernon", "state": "NY"},
    {"tenant": "salinany", "name": "Town of Salina", "state": "NY"},
    {"tenant": "countyofonondagany", "name": "Onondaga County", "state": "NY"},
    {"tenant": "townofhuntingtonny", "name": "Town of Huntington", "state": "NY"},
    {"tenant": "mountpleasantny", "name": "Mount Pleasant", "state": "NY"},
    {"tenant": "cortlandtny", "name": "Cortlandt", "state": "NY"},
    {"tenant": "yorkpa", "name": "York", "state": "PA"},
    {"tenant": "abingtonpa", "name": "Abington Township", "state": "PA"},
    {"tenant": "cranberrytownshippa", "name": "Cranberry Township", "state": "PA"},
    {"tenant": "eastonpa", "name": "Easton", "state": "PA"},
    {"tenant": "springfielddelco", "name": "Springfield Township (Delaware County)", "state": "PA"},
    {"tenant": "townshiplowermakefieldpa", "name": "Lower Makefield Township", "state": "PA"},
    {"tenant": "baltimoremddhcd", "name": "Baltimore DHCD", "state": "MD"},
    {"tenant": "countyofdorchestermd", "name": "Dorchester County", "state": "MD"},
    {"tenant": "cecilcountymd", "name": "Cecil County", "state": "MD"},
    {"tenant": "pueblocountyco", "name": "Pueblo County", "state": "CO"},
    {"tenant": "durangoco", "name": "Durango", "state": "CO"},
    {"tenant": "natronacountywy", "name": "Natrona County", "state": "WY"},
    {"tenant": "nyecountynv", "name": "Nye County", "state": "NV"},
    {"tenant": "springhillks", "name": "Spring Hill", "state": "KS"},
    {"tenant": "goddardks", "name": "Goddard", "state": "KS"},
    {"tenant": "stateofidaho", "name": "State of Idaho", "state": "ID"},
    {"tenant": "postfallsid", "name": "Post Falls", "state": "ID"},
    {"tenant": "yorkme", "name": "York", "state": "ME"},
    {"tenant": "claremontnh", "name": "Claremont", "state": "NH"},
    {"tenant": "townofbrattleborovt", "name": "Brattleboro", "state": "VT"},
    {"tenant": "watertownsd", "name": "Watertown", "state": "SD"},
    {"tenant": "sewardak", "name": "Seward", "state": "AK"},
    {"tenant": "ennistx", "name": "City of Ennis", "state": "TX"},
    {"tenant": "bedfordtx", "name": "City of Bedford", "state": "TX"},
    {"tenant": "countyofbexartx", "name": "Bexar County", "state": "TX"},
    {"tenant": "aransaspasstx", "name": "Aransas Pass", "state": "TX"},
    {"tenant": "galvestoncountytx", "name": "Galveston County", "state": "TX"},
    {"tenant": "stuartfl", "name": "Stuart", "state": "FL"},
    {"tenant": "marathonfl", "name": "Marathon", "state": "FL"},
    {"tenant": "camarilloca", "name": "Camarillo", "state": "CA"},
    {"tenant": "eurekaca", "name": "Eureka", "state": "CA"},
    {"tenant": "scottsvalleyca", "name": "Scotts Valley", "state": "CA"},
    {"tenant": "cityofsanrafaelca", "name": "San Rafael", "state": "CA"},
    {"tenant": "elsegundoca", "name": "El Segundo", "state": "CA"},
    {"tenant": "americancanyonca", "name": "American Canyon", "state": "CA"},
    {"tenant": "calimesaca", "name": "Calimesa", "state": "CA"},
    {"tenant": "millvalleyca", "name": "Mill Valley", "state": "CA"},
    {"tenant": "cityoflapalmaca", "name": "La Palma", "state": "CA"},
    {"tenant": "colusacountyca", "name": "Colusa County", "state": "CA"},
    {"tenant": "sonomaca", "name": "Sonoma", "state": "CA"},
    {"tenant": "lakeportca", "name": "Lakeport", "state": "CA"},
    {"tenant": "clearlakeca", "name": "Clearlake", "state": "CA"},
    {"tenant": "arcataca", "name": "Arcata", "state": "CA"},
    {"tenant": "fortunaca", "name": "Fortuna", "state": "CA"},
    {"tenant": "industryca", "name": "City of Industry", "state": "CA"},
    {"tenant": "countyofinyoca", "name": "Inyo County", "state": "CA"}
  ],
  "totalNewJurisdictions": 156
}
